{
 "class_name": "Poisonous/Edible", 
 "class_position": 0, 
 "location": [
  "data/Mushroom/agaricus-lepiota.data"
 ], 
 "attr_names": [
  "cap-shape", 
  "cap-surface", 
  "cap-color", 
  "bruises?", 
  "odor", 
  "gill-attachment", 
  "gill-spacing", 
  "gill-size", 
  "gill-color", 
  "stalk-shape", 
  "stalk-root", 
  "stalk-surface-above-ring", 
  "stalk-surface-below-ring", 
  "stalk-color-above-ring", 
  "stalk-color-below-ring", 
  "veil-type", 
  "veil-color", 
  "ring-number", 
  "ring-type", 
  "spore-print-color", 
  "population", 
  "habitat"
 ], 
 "attr_types": [
  "d", 
  "d", 
  "d", 
  "d", 
  "d", 
  "d", 
  "d", 
  "d", 
  "d", 
  "d", 
  "d", 
  "d", 
  "d", 
  "d", 
  "d", 
  "d", 
  "d", 
  "d", 
  "d", 
  "d", 
  "d", 
  "d"
 ]
}